"id";"created";"description";"name";"updated";"creator_id";"project_id"
"1";"2015-01-18 21:16:46";NULL;"Feature #0";"2015-01-18 21:16:46";"1";"1"
"2";"2015-01-18 21:16:46";NULL;"Feature #1";"2015-01-18 21:16:46";"1";"1"
"3";"2015-01-18 21:16:46";NULL;"Feature #2";"2015-01-18 21:16:46";"1";"1"
"4";"2015-01-18 21:16:46";NULL;"Feature #3";"2015-01-18 21:16:46";"1";"1"
"5";"2015-01-18 21:16:46";NULL;"Feature #4";"2015-01-18 21:16:46";"1";"1"
"6";"2015-01-18 21:16:46";NULL;"Feature #5";"2015-01-18 21:16:46";"1";"1"
"7";"2015-01-18 21:16:46";NULL;"Feature #6";"2015-01-18 21:16:46";"1";"1"
"8";"2015-01-18 21:16:46";NULL;"Feature #7";"2015-01-18 21:16:46";"1";"1"
"9";"2015-01-18 21:16:46";NULL;"Feature #8";"2015-01-18 21:16:46";"1";"1"
"10";"2015-01-18 21:16:46";NULL;"Feature #9";"2015-01-18 21:16:46";"1";"1"
